idx_in_split,length,needle_pos_true,needle_pos_pred
59,64,43,1
7560,256,5,255
624,64,7,1
1616,128,18,127
7246,128,6,127
8414,256,99,255
1980,256,40,255
7756,64,22,0
495,64,33,1
6036,64,12,1
9756,64,60,1
3308,256,80,255
5485,64,30,1
2499,256,195,255
355,256,121,255
3868,64,57,1
422,64,32,1
6845,256,239,255
7102,128,95,0
4121,128,13,1
2778,128,72,127
3489,256,39,255
6561,64,2,0
4377,64,30,3
62,256,162,255
5094,64,18,1
4119,128,118,127
8360,256,35,255
2610,64,9,1
5847,256,240,255
1693,64,29,1
1068,128,14,125
6921,64,60,1
8758,128,114,1
1862,128,72,1
7464,64,51,1
3289,256,12,255
695,64,45,1
8049,128,26,5
9820,64,2,2
4366,128,55,127
7940,256,195,255
6216,64,25,1
6486,256,149,255
3876,64,34,1
5731,64,18,1
6370,128,106,1
4430,256,239,255
3291,64,55,1
2801,128,16,117
2433,256,240,255
6035,256,212,255
7333,128,10,1
8093,64,53,2
4958,128,8,2
6538,64,7,1
4590,128,18,1
9418,256,91,255
1553,256,179,255
5780,256,207,255
8274,64,29,1
8572,128,48,127
2463,128,39,1
9898,256,242,255
6773,256,246,255
6166,128,87,1
8715,256,126,255
6471,128,30,1
7294,128,52,127
6552,64,62,1
2527,256,148,255
630,256,77,255
1053,128,83,127
2198,128,12,127
4127,128,34,1
135,256,37,255
127,64,0,1
9227,256,42,255
1731,128,32,1
2540,64,61,1
169,128,103,127
1737,256,148,255
1834,64,27,1
5596,128,100,127
3655,256,109,255
3314,256,49,255
7156,128,40,125
9250,64,52,0
7675,64,24,2
2196,128,59,1
3865,64,27,0
1749,64,32,0
4426,128,14,1
2944,64,9,1
6624,64,30,2
6305,128,50,123
1732,256,6,255
4906,256,198,255
2393,128,120,2
9881,64,11,1
4578,256,152,255
7700,64,54,2
4112,128,92,2
6604,64,14,0
2522,64,16,1
1925,64,2,1
1165,128,127,1
5707,64,57,1
3042,128,30,1
2882,128,43,1
8968,64,3,2
9139,128,85,127
9121,64,49,2
3037,128,3,118
3121,256,217,255
880,256,25,255
2240,128,7,127
3691,256,3,255
6951,128,46,1
4733,128,40,2
6318,256,216,255
7579,64,57,2
2903,256,118,255
5865,64,0,1
4845,128,28,127
6244,128,80,0
5287,256,253,255
1725,64,5,0
7374,64,40,1
1825,256,58,255
5953,256,171,255
8236,256,185,255
4957,64,35,0
2785,128,27,1
7023,128,61,1
4745,128,83,126
9644,64,49,1
5513,64,28,1
1958,128,64,127
2298,128,9,127
6438,128,40,1
8119,128,5,1
6827,256,139,255
7822,64,4,1
5203,64,24,4
1773,256,191,255
718,64,6,1
1794,256,146,255
2789,64,18,3
6586,128,95,2
1027,256,191,255
3211,64,52,1
8231,64,30,1
4720,128,96,1
8557,64,55,1
5491,256,98,255
2706,128,55,2
4983,64,53,1
200,128,92,0
6310,128,30,127
1382,64,43,4
1123,256,222,255
1753,128,118,127
4188,64,61,3
5049,128,95,4
2656,64,35,1
5207,128,13,2
3514,64,11,0
5973,256,95,255
4913,64,62,2
2257,256,216,255
8389,128,98,127
2937,128,37,2
9728,256,190,255
26,128,3,1
4216,128,87,127
9353,256,197,255
8626,256,7,255
6246,64,12,2
8809,128,28,2
9282,128,53,126
2959,128,83,127
2739,128,51,3
6006,64,33,0
380,256,201,255
5692,64,60,4
8508,64,25,1
7686,64,22,0
2753,128,4,2
3806,256,44,255
7395,256,48,255
5145,256,160,255
5604,256,14,255
6087,64,48,4
9003,256,18,255
5972,64,47,1
7525,128,27,1
3795,64,3,1
8399,64,11,1
8649,256,3,255
4903,128,97,1
5993,128,78,4
4203,128,127,1
5130,128,122,1
8832,256,235,255
3154,64,42,0
4322,64,16,4
102,128,96,1
3490,128,42,127
2809,64,42,1
9290,256,97,255
9224,64,3,3
8663,64,12,1
557,64,44,1
8847,64,25,1
8591,256,91,255
1817,256,45,255
854,128,24,1
1453,64,35,2
1055,256,194,255
9238,256,111,255
7551,128,106,1
368,64,28,3
7845,256,111,255
9160,256,248,255
7705,64,15,1
2193,128,39,1
491,64,3,12
1138,64,24,0
3376,256,115,255
9843,256,88,255
2745,64,41,2
684,256,203,255
5324,64,55,1
2000,128,67,0
8244,128,23,1
7615,128,4,4
4550,128,94,4
4663,128,16,126
676,128,5,1
3922,256,109,255
4842,64,28,2
5493,256,165,255
3926,64,41,0
1555,256,242,255
4735,64,33,1
5823,128,35,127
8172,128,11,1
1057,64,20,1
9110,128,5,1
3466,128,30,127
8334,128,46,127
564,128,51,127
8048,128,48,1
678,128,45,1
5171,128,4,127
99,256,127,255
9989,128,29,3
7231,64,24,0
1964,64,12,1
4067,64,17,1
8227,64,58,1
320,256,156,255
4450,128,27,127
7486,256,3,255
6126,256,185,255
3157,256,170,255
1612,64,21,1
4197,128,58,1
5949,256,19,255
9657,256,100,255
507,64,31,1
7568,64,28,2
4939,128,13,127
7578,256,209,255
9722,256,173,255
4300,256,100,255
3589,64,47,3
7810,128,80,125
1148,128,36,126
4147,256,95,255
3431,256,173,255
7423,128,71,125
8178,256,100,255
1532,128,127,2
5399,64,46,1
7380,128,3,127
4813,128,111,1
1223,64,48,0
6379,256,56,255
2958,128,112,127
8836,128,93,127
2013,128,13,2
6572,128,66,127
1634,128,57,4
4016,128,117,1
4242,128,91,127
6609,128,9,127
5450,128,77,0
4309,128,16,0
114,128,31,1
9441,64,20,2
2955,256,132,255
9172,128,119,1
8173,64,36,1
7215,256,213,255
4201,64,14,1
6123,256,190,255
7995,256,209,255
7494,128,85,2
2542,128,122,1
7292,256,13,255
1295,128,24,4
9933,256,136,255
9200,128,35,1
3421,64,25,2
8886,64,14,2
7093,128,98,1
7206,64,28,0
4665,64,30,0
4171,256,207,255
2449,64,40,1
5928,256,193,255
2352,256,105,255
6868,128,28,127
652,128,102,1
4940,256,96,255
1006,256,169,255
4635,128,33,1
5568,128,46,1
3300,256,191,255
2920,256,224,255
8198,256,74,255
8662,256,206,255
3879,64,51,2
3983,128,47,3
5273,256,158,255
7979,128,25,1
1552,128,99,125
2220,128,27,117
5532,64,11,1
6326,64,42,4
4669,128,69,127
3043,256,10,255
8479,256,78,255
7734,256,255,255
1419,128,35,126
6866,64,54,2
4576,128,20,127
9050,256,133,255
7569,256,46,255
7759,64,18,0
8724,128,55,1
5861,64,5,1
8275,256,114,255
2574,256,195,255
944,128,116,1
7390,64,17,1
3085,256,229,255
5585,64,36,0
4781,64,53,1
3318,128,36,0
6221,128,42,1
5770,128,48,127
3274,128,20,0
3090,128,97,118
6562,256,32,255
6488,64,38,1
2384,64,7,2
1963,64,19,1
4257,64,53,1
1066,256,63,255
9551,256,137,255
2424,64,28,1
6251,128,55,1
1281,256,148,255
1700,128,25,127
3207,64,2,2
4894,256,181,255
162,256,246,255
8234,256,208,255
1423,64,1,1
5695,128,124,124
2849,256,157,255
4497,64,58,2
1051,64,10,1
1147,128,82,127
6752,256,0,255
2665,128,34,3
3624,128,46,127
3054,128,52,124
1559,128,95,2
6475,256,217,255
1292,128,71,1
8599,64,34,0
8830,64,10,1
2935,128,126,1
5015,128,56,1
758,256,66,255
1387,128,43,1
1578,128,10,2
8570,64,51,1
9264,256,188,255
9907,256,161,255
5872,128,21,1
9992,64,62,2
3235,256,214,255
4775,64,22,1
4893,256,208,255
2127,64,16,1
6783,256,144,255
2842,256,181,255
2189,64,44,1
7916,64,61,1
84,256,95,255
6958,128,86,1
5737,128,0,127
6112,64,9,2
2331,256,50,255
8580,128,74,1
2948,256,193,255
1894,256,169,255
1407,128,108,127
8582,256,129,255
5939,64,18,3
7433,64,24,3
2827,64,45,0
5306,128,17,127
9664,256,219,255
9963,128,62,2
3261,128,93,2
1836,128,49,1
620,128,75,0
8427,128,59,126
8031,64,5,1
933,64,56,1
6056,256,63,255
5,256,214,255
9571,64,1,1
6261,64,29,1
2419,256,212,255
2325,64,24,2
3327,256,170,255
9775,128,79,127
1255,64,0,1
631,128,61,4
7583,256,49,255
3802,64,24,1
8221,256,211,255
8151,128,44,3
6196,256,137,255
8246,128,39,127
9425,64,19,1
16,256,58,255
3132,128,93,1
3496,64,15,1
714,64,63,1
5263,256,63,255
8153,256,151,255
7048,128,25,127
9945,256,14,255
1876,128,114,1
3762,256,131,255
9328,128,30,0
1947,128,87,116
4189,64,32,2
4890,64,0,1
279,64,13,1
8444,256,70,255
3345,128,107,1
3160,128,92,2
7498,64,9,2
5660,256,96,255
6129,128,112,127
1879,256,186,255
2702,64,38,1
7609,64,39,1
9787,128,52,2
5686,256,154,255
5883,128,122,1
7938,128,108,127
9322,128,112,1
8015,256,51,255
992,128,87,2
3047,128,23,127
6683,256,175,255
2881,128,75,1
6094,256,186,255
1696,64,58,4
2305,64,35,2
6158,64,36,1
429,64,46,1
2487,128,52,127
1659,64,15,1
4281,64,22,1
5245,128,44,127
7869,128,68,2
5603,256,129,255
8127,64,35,1
4097,128,106,0
5238,64,1,1
8732,64,51,1
2628,64,46,0
5738,128,125,127
1260,128,113,1
6066,256,22,255
3356,256,42,255
9354,128,3,2
5329,64,17,1
6808,64,50,3
228,128,24,0
8148,64,15,2
6998,256,65,255
6898,64,29,3
5870,128,33,1
3522,128,30,126
5564,256,214,255
9690,128,15,0
2945,256,24,255
7484,256,144,255
8279,128,47,127
799,64,38,1
1278,64,14,1
721,64,62,1
2997,128,29,118
6101,128,62,2
5084,256,8,255
1424,256,248,255
580,256,5,255
2184,128,127,2
8839,128,4,1
8558,256,55,255
4051,64,38,1
8526,128,56,1
3523,64,13,2
1505,256,57,255
8805,256,252,255
1378,128,40,1
3149,256,139,255
5188,128,76,0
9822,128,32,127
6064,64,4,1
9741,256,128,255
9966,64,52,0
6909,128,127,2
9616,128,57,127
3395,128,75,2
9964,64,35,1
5866,128,121,1
345,256,143,255
351,64,38,1
8051,64,37,2
9717,128,103,3
2097,128,31,1
1308,256,67,255
2320,64,41,4
523,256,55,255
9136,128,7,127
3468,64,60,1
1005,256,30,255
2274,128,127,127
6013,64,21,2
764,64,27,4
6962,64,62,1
2329,256,116,255
8067,256,64,255
6822,64,28,1
6409,256,214,255
6700,128,34,127
1933,256,167,255
3978,256,114,255
8841,128,90,1
7293,256,244,255
6882,64,34,1
3112,64,16,2
4955,64,41,4
6285,128,35,1
2710,256,187,255
612,256,142,255
5984,128,106,1
8271,128,37,127
3410,256,154,255
5000,128,60,118
1234,128,83,127
4224,64,23,1
7164,256,18,255
8263,128,38,124
1525,128,12,2
8013,256,80,255
892,128,102,127
5374,256,118,255
1596,64,61,2
1923,64,62,0
2250,256,140,255
2383,128,5,1
3754,256,82,255
8080,256,181,255
3180,128,89,1
9867,256,155,255
2373,256,223,255
738,64,29,0
7402,256,101,255
950,128,2,1
1870,64,52,1
4095,128,64,2
5076,256,141,255
6481,128,23,0
1512,64,31,1
6224,128,72,1
2151,64,31,1
942,256,71,255
6697,256,246,255
8804,64,43,1
3361,128,119,1
1872,128,99,1
2426,64,44,2
401,64,35,4
5309,64,42,1
4700,128,77,2
9699,256,45,255
2994,256,199,255
7008,256,217,255
7341,128,118,0
36,128,80,6
3690,256,186,255
2896,64,57,1
8765,256,216,255
1356,256,219,255
2367,128,112,1
7130,64,6,4
3302,64,56,2
7030,128,124,127
4071,64,17,2
4562,64,6,2
9564,128,77,126
668,256,67,255
4336,256,190,255
4966,128,113,127
9506,64,30,1
5942,256,85,255
2190,128,44,2
9414,256,91,255
3859,64,44,1
3729,256,94,255
8845,128,57,127
7982,256,77,255
9713,256,168,255
9430,128,37,4
6997,128,21,1
4682,64,6,1
9054,256,130,255
4437,64,44,1
4829,128,26,127
6083,128,62,3
8684,128,19,1
7852,128,112,1
3674,64,3,2
4510,256,195,255
4743,128,37,0
2983,256,42,255
3530,64,17,1
9973,128,54,124
1371,128,101,127
2590,128,68,127
9084,256,95,255
6277,64,31,1
8607,64,39,2
6786,128,111,2
8737,128,15,1
7,64,35,1
1482,64,8,4
5468,64,40,1
5600,256,158,255
586,128,50,127
9804,128,40,127
4792,128,90,127
2088,64,44,2
1813,128,69,1
353,128,57,4
5133,256,122,255
5841,128,47,127
3984,64,53,1
1902,128,52,0
5761,128,31,116
1893,128,50,127
7632,128,74,127
9337,128,33,1
6255,128,127,127
2831,128,5,127
4401,64,11,2
5655,64,20,0
3784,256,133,255
9326,128,113,127
7841,64,59,2
6816,256,207,255
4823,64,15,4
3189,256,27,255
6961,128,65,127
9360,256,18,255
9203,256,61,255
3956,256,34,255
8821,128,97,1
7747,128,95,126
5014,64,2,2
8445,64,2,0
7493,128,122,116
5552,256,117,255
7434,128,102,3
8529,256,16,255
7775,64,6,1
2688,128,93,124
6517,128,32,1
215,256,103,255
1791,256,179,255
8878,64,22,1
7695,64,33,0
397,64,60,2
9145,64,40,1
8619,128,10,0
9719,128,19,2
4385,128,17,116
9695,256,206,255
4459,64,32,1
6272,64,46,1
275,256,194,255
9342,128,114,1
7931,128,104,1
8434,64,3,1
9329,128,60,127
6023,64,4,1
5100,64,0,1
5059,128,25,127
1375,64,32,1
4262,64,38,0
4302,64,10,2
9313,256,2,255
7595,64,23,1
6932,256,144,255
2040,128,31,116
6176,64,3,1
6780,256,113,255
3996,256,26,255
5678,64,20,3
3460,64,43,2
3068,64,62,2
2395,64,17,1
3022,256,107,255
1899,256,120,255
6781,256,134,255
6846,128,53,1
2059,256,48,255
2585,256,132,255
8587,128,116,127
5856,256,80,255
5426,256,235,255
6497,64,37,2
9734,64,40,1
7308,64,23,2
533,128,13,1
5269,256,176,255
5803,128,64,4
508,128,60,2
8059,64,11,1
8810,256,43,255
765,256,7,255
9725,128,26,122
4236,256,154,255
9930,256,166,255
2987,256,155,255
7368,128,48,2
8483,256,197,255
8027,64,42,0
7921,256,142,255
3805,128,73,1
2612,128,57,127
3246,64,57,1
4787,128,57,1
4494,64,61,1
7194,64,26,1
4504,256,42,255
4493,256,89,255
1937,256,25,255
5522,256,115,255
3237,64,27,1
1663,128,18,127
9948,256,198,255
800,64,53,1
31,128,83,126
1511,128,100,1
2204,256,117,255
4738,256,38,255
8356,128,127,1
4629,128,31,125
1631,128,40,127
9883,256,160,255
1460,64,12,1
3570,128,126,116
1198,256,117,255
3417,256,16,255
8744,128,122,1
8634,64,26,3
2783,256,146,255
478,256,165,255
8450,64,61,1
4319,256,237,255
5142,64,34,1
7851,64,29,1
1127,128,110,0
4571,256,197,255
8467,256,78,255
2500,128,114,127
313,64,25,1
7709,128,36,1
2663,128,113,118
5210,64,38,4
6231,128,63,127
2402,128,16,2
3888,256,150,255
5064,64,5,1
9148,256,42,255
985,64,31,1
7505,128,106,3
5708,64,63,1
591,64,43,1
5096,256,72,255
1569,64,24,1
1175,64,34,2
2664,256,53,255
7171,128,123,118
3849,64,20,2
8481,128,1,124
6209,256,202,255
5020,128,75,1
4520,256,185,255
5713,256,2,255
1291,256,84,255
3678,128,49,1
5103,128,11,1
1974,128,104,127
6796,128,110,124
7768,256,219,255
9947,128,57,127
3339,64,38,2
97,128,27,127
3600,64,59,1
1673,64,35,1
3396,64,41,1
9736,128,114,1
7185,128,68,122
9658,256,127,255
3347,128,31,116
1052,128,46,1
5158,64,19,0
3783,64,22,1
4766,64,38,1
7893,64,44,1
1833,64,34,2
882,128,6,0
7463,256,186,255
4943,256,178,255
7004,256,38,255
3124,64,48,2
4561,128,56,127
1708,128,102,1
6937,64,61,0
5134,128,115,1
6243,128,58,126
3504,64,53,1
3551,64,6,1
6312,64,34,1
5638,64,13,2
2768,64,5,1
2602,128,86,108
3687,128,27,1
3695,256,232,255
1802,128,103,127
8077,256,247,255
749,256,130,255
3593,256,107,255
2410,64,42,1
941,64,6,1
1645,256,124,255
6546,64,56,1
9263,128,14,127
6844,256,207,255
5488,128,4,116
7210,128,36,1
1548,256,151,255
4779,256,146,255
6185,256,26,255
9141,128,55,127
9296,128,24,126
5018,256,187,255
9100,128,83,127
5027,128,52,127
9762,256,78,255
2571,256,203,255
3554,64,40,1
9602,128,14,117
5136,256,203,255
6613,256,231,255
3283,128,44,127
9889,256,181,255
1267,256,67,255
9028,128,44,1
9297,256,162,255
9307,64,3,3
3034,64,35,1
5507,64,63,1
1384,64,7,1
7612,64,33,1
3440,128,68,127
2671,128,18,4
4587,64,48,5
1161,128,48,5
1125,128,91,1
4334,128,5,1
8801,256,174,255
1201,128,75,4
5237,256,147,255
6119,64,55,0
4258,128,0,127
4874,128,69,1
4737,64,11,1
7218,256,29,255
3640,128,121,116
5151,128,103,1
9106,128,43,127
7765,128,98,127
3285,128,13,127
1166,128,78,0
4390,64,10,1
938,256,45,255
1327,64,41,2
8000,128,66,127
456,128,72,127
4627,128,102,127
7944,256,69,255
7066,128,36,3
8312,256,130,255
3296,64,33,1
7771,256,56,255
9408,256,176,255
2554,128,112,127
7848,256,186,255
4582,64,33,1
3458,256,164,255
6695,64,47,4
1806,256,108,255
6298,128,79,3
4194,256,61,255
5303,64,56,1
2496,64,19,0
7458,64,3,1
5271,128,86,126
2215,256,31,255
8950,128,42,1
5228,256,112,255
4716,64,40,1
6183,64,5,1
1788,128,2,0
6343,64,15,1
5649,64,12,2
9176,64,26,0
1227,256,42,255
5317,256,221,255
6654,128,47,127
7899,256,164,255
5740,128,35,0
1432,256,85,255
7803,64,23,0
820,64,6,4
7639,64,11,2
6149,64,20,2
5852,128,10,1
6664,128,58,0
3527,64,38,2
444,64,34,1
5109,128,45,1
7332,64,50,1
7697,64,34,2
8158,64,45,1
140,64,8,1
9469,256,9,255
1931,64,7,1
8655,64,61,1
7145,64,11,1
622,64,39,1
6169,256,18,255
1499,64,61,1
2042,256,40,255
974,256,39,255
9991,256,86,255
6968,64,56,0
1875,64,14,1
8187,128,61,1
2174,64,36,1
7126,256,107,255
5089,128,34,127
7716,256,200,255
